feature,feature,type,p_value,relevant
data__fourier_entropy__bins_10,data__fourier_entropy__bins_10,real,1.4940387369122295e-68,True
data__fourier_entropy__bins_100,data__fourier_entropy__bins_100,real,3.065528420586677e-68,True
data__fourier_entropy__bins_5,data__fourier_entropy__bins_5,real,3.7621853700631845e-68,True
data__ratio_beyond_r_sigma__r_10,data__ratio_beyond_r_sigma__r_10,real,4.3983090275750584e-68,True
"data__agg_linear_trend__attr_""rvalue""__chunk_len_10__f_agg_""min""","data__agg_linear_trend__attr_""rvalue""__chunk_len_10__f_agg_""min""",real,4.87328212673515e-68,True
data__kurtosis,data__kurtosis,real,4.87328212673515e-68,True
data__partial_autocorrelation__lag_1,data__partial_autocorrelation__lag_1,real,4.87328212673515e-68,True
data__cid_ce__normalize_True,data__cid_ce__normalize_True,real,4.87328212673515e-68,True
"data__agg_linear_trend__attr_""rvalue""__chunk_len_5__f_agg_""max""","data__agg_linear_trend__attr_""rvalue""__chunk_len_5__f_agg_""max""",real,4.87328212673515e-68,True
"data__agg_autocorrelation__f_agg_""mean""__maxlag_40","data__agg_autocorrelation__f_agg_""mean""__maxlag_40",real,4.87328212673515e-68,True
"data__agg_linear_trend__attr_""rvalue""__chunk_len_5__f_agg_""min""","data__agg_linear_trend__attr_""rvalue""__chunk_len_5__f_agg_""min""",real,4.87328212673515e-68,True
data__autocorrelation__lag_9,data__autocorrelation__lag_9,real,4.87328212673515e-68,True
data__autocorrelation__lag_8,data__autocorrelation__lag_8,real,4.87328212673515e-68,True
data__autocorrelation__lag_6,data__autocorrelation__lag_6,real,4.87328212673515e-68,True
data__autocorrelation__lag_5,data__autocorrelation__lag_5,real,4.87328212673515e-68,True
data__autocorrelation__lag_4,data__autocorrelation__lag_4,real,4.87328212673515e-68,True
data__autocorrelation__lag_3,data__autocorrelation__lag_3,real,4.87328212673515e-68,True
data__autocorrelation__lag_2,data__autocorrelation__lag_2,real,4.87328212673515e-68,True
data__autocorrelation__lag_1,data__autocorrelation__lag_1,real,4.87328212673515e-68,True
"data__agg_linear_trend__attr_""rvalue""__chunk_len_10__f_agg_""max""","data__agg_linear_trend__attr_""rvalue""__chunk_len_10__f_agg_""max""",real,4.87328212673515e-68,True
"data__agg_autocorrelation__f_agg_""median""__maxlag_40","data__agg_autocorrelation__f_agg_""median""__maxlag_40",real,4.87328212673515e-68,True
data__autocorrelation__lag_7,data__autocorrelation__lag_7,real,4.87328212673515e-68,True
data__maximum,data__maximum,real,1.3418179987816751e-67,True
data__absolute_maximum,data__absolute_maximum,real,1.7344185031428303e-67,True
data__minimum,data__minimum,real,1.834526528783295e-67,True
"data__change_quantiles__f_agg_""var""__isabs_True__qh_0.6__ql_0.0","data__change_quantiles__f_agg_""var""__isabs_True__qh_0.6__ql_0.0",real,1.8458193902289443e-67,True
data__cid_ce__normalize_False,data__cid_ce__normalize_False,real,1.8458193902289443e-67,True
"data__agg_linear_trend__attr_""slope""__chunk_len_5__f_agg_""var""","data__agg_linear_trend__attr_""slope""__chunk_len_5__f_agg_""var""",real,1.8458193902289443e-67,True
"data__change_quantiles__f_agg_""var""__isabs_False__qh_1.0__ql_0.0","data__change_quantiles__f_agg_""var""__isabs_False__qh_1.0__ql_0.0",real,1.8458193902289443e-67,True
"data__change_quantiles__f_agg_""var""__isabs_False__qh_1.0__ql_0.8","data__change_quantiles__f_agg_""var""__isabs_False__qh_1.0__ql_0.8",real,1.8458193902289443e-67,True
"data__change_quantiles__f_agg_""var""__isabs_True__qh_1.0__ql_0.6","data__change_quantiles__f_agg_""var""__isabs_True__qh_1.0__ql_0.6",real,1.8458193902289443e-67,True
"data__change_quantiles__f_agg_""var""__isabs_True__qh_0.4__ql_0.0","data__change_quantiles__f_agg_""var""__isabs_True__qh_0.4__ql_0.0",real,1.8458193902289443e-67,True
"data__change_quantiles__f_agg_""var""__isabs_True__qh_0.2__ql_0.0","data__change_quantiles__f_agg_""var""__isabs_True__qh_0.2__ql_0.0",real,1.8458193902289443e-67,True
"data__change_quantiles__f_agg_""var""__isabs_False__qh_1.0__ql_0.6","data__change_quantiles__f_agg_""var""__isabs_False__qh_1.0__ql_0.6",real,1.8458193902289443e-67,True
"data__change_quantiles__f_agg_""var""__isabs_True__qh_1.0__ql_0.0","data__change_quantiles__f_agg_""var""__isabs_True__qh_1.0__ql_0.0",real,1.8458193902289443e-67,True
"data__change_quantiles__f_agg_""var""__isabs_False__qh_1.0__ql_0.2","data__change_quantiles__f_agg_""var""__isabs_False__qh_1.0__ql_0.2",real,1.8458193902289443e-67,True
"data__change_quantiles__f_agg_""var""__isabs_True__qh_1.0__ql_0.8","data__change_quantiles__f_agg_""var""__isabs_True__qh_1.0__ql_0.8",real,1.8458193902289443e-67,True
"data__change_quantiles__f_agg_""var""__isabs_False__qh_1.0__ql_0.4","data__change_quantiles__f_agg_""var""__isabs_False__qh_1.0__ql_0.4",real,1.8458193902289443e-67,True
"data__change_quantiles__f_agg_""var""__isabs_True__qh_1.0__ql_0.2","data__change_quantiles__f_agg_""var""__isabs_True__qh_1.0__ql_0.2",real,1.8458193902289443e-67,True
"data__fft_aggregated__aggtype_""variance""","data__fft_aggregated__aggtype_""variance""",real,1.8458193902289443e-67,True
"data__agg_linear_trend__attr_""intercept""__chunk_len_5__f_agg_""var""","data__agg_linear_trend__attr_""intercept""__chunk_len_5__f_agg_""var""",real,1.8458193902289443e-67,True
"data__agg_linear_trend__attr_""stderr""__chunk_len_5__f_agg_""var""","data__agg_linear_trend__attr_""stderr""__chunk_len_5__f_agg_""var""",real,1.8458193902289443e-67,True
"data__change_quantiles__f_agg_""var""__isabs_True__qh_1.0__ql_0.4","data__change_quantiles__f_agg_""var""__isabs_True__qh_1.0__ql_0.4",real,1.8458193902289443e-67,True
"data__change_quantiles__f_agg_""var""__isabs_False__qh_0.6__ql_0.0","data__change_quantiles__f_agg_""var""__isabs_False__qh_0.6__ql_0.0",real,1.8679972287564277e-67,True
"data__change_quantiles__f_agg_""var""__isabs_False__qh_0.2__ql_0.0","data__change_quantiles__f_agg_""var""__isabs_False__qh_0.2__ql_0.0",real,1.8679972287564277e-67,True
"data__change_quantiles__f_agg_""var""__isabs_False__qh_0.4__ql_0.0","data__change_quantiles__f_agg_""var""__isabs_False__qh_0.4__ql_0.0",real,1.8679972287564277e-67,True
"data__change_quantiles__f_agg_""var""__isabs_False__qh_0.8__ql_0.0","data__change_quantiles__f_agg_""var""__isabs_False__qh_0.8__ql_0.0",real,1.8904406511322986e-67,True
"data__change_quantiles__f_agg_""var""__isabs_True__qh_0.8__ql_0.0","data__change_quantiles__f_agg_""var""__isabs_True__qh_0.8__ql_0.0",real,1.8904406511322986e-67,True
"data__agg_linear_trend__attr_""stderr""__chunk_len_10__f_agg_""var""","data__agg_linear_trend__attr_""stderr""__chunk_len_10__f_agg_""var""",real,2.1049183816732503e-67,True
data__fourier_entropy__bins_3,data__fourier_entropy__bins_3,real,2.2775043468998302e-67,True
"data__agg_linear_trend__attr_""slope""__chunk_len_10__f_agg_""var""","data__agg_linear_trend__attr_""slope""__chunk_len_10__f_agg_""var""",real,3.1205097344086494e-67,True
data__ratio_beyond_r_sigma__r_0.5,data__ratio_beyond_r_sigma__r_0.5,real,3.122144264978656e-67,True
"data__agg_linear_trend__attr_""intercept""__chunk_len_10__f_agg_""var""","data__agg_linear_trend__attr_""intercept""__chunk_len_10__f_agg_""var""",real,3.1958137384658605e-67,True
data__energy_ratio_by_chunks__num_segments_10__segment_focus_2,data__energy_ratio_by_chunks__num_segments_10__segment_focus_2,real,3.4747553760923756e-67,True
"data__change_quantiles__f_agg_""mean""__isabs_True__qh_1.0__ql_0.0","data__change_quantiles__f_agg_""mean""__isabs_True__qh_1.0__ql_0.0",real,4.791896118102283e-67,True
data__absolute_sum_of_changes,data__absolute_sum_of_changes,real,4.791896118102283e-67,True
data__mean_abs_change,data__mean_abs_change,real,4.791896118102283e-67,True
"data__agg_linear_trend__attr_""slope""__chunk_len_5__f_agg_""max""","data__agg_linear_trend__attr_""slope""__chunk_len_5__f_agg_""max""",real,5.333798540338921e-67,True
data__mean_n_absolute_max__number_of_maxima_7,data__mean_n_absolute_max__number_of_maxima_7,real,6.367722259408764e-67,True
"data__agg_linear_trend__attr_""intercept""__chunk_len_5__f_agg_""max""","data__agg_linear_trend__attr_""intercept""__chunk_len_5__f_agg_""max""",real,7.181213706694711e-67,True
data__energy_ratio_by_chunks__num_segments_10__segment_focus_3,data__energy_ratio_by_chunks__num_segments_10__segment_focus_3,real,9.072110419634567e-67,True
"data__fft_aggregated__aggtype_""kurtosis""","data__fft_aggregated__aggtype_""kurtosis""",real,9.327267502145147e-67,True
"data__agg_linear_trend__attr_""slope""__chunk_len_5__f_agg_""min""","data__agg_linear_trend__attr_""slope""__chunk_len_5__f_agg_""min""",real,1.0756050466170035e-66,True
"data__agg_linear_trend__attr_""stderr""__chunk_len_50__f_agg_""max""","data__agg_linear_trend__attr_""stderr""__chunk_len_50__f_agg_""max""",real,1.0884530661179318e-66,True
"data__agg_linear_trend__attr_""intercept""__chunk_len_5__f_agg_""min""","data__agg_linear_trend__attr_""intercept""__chunk_len_5__f_agg_""min""",real,1.1550240599693935e-66,True
"data__change_quantiles__f_agg_""mean""__isabs_True__qh_1.0__ql_0.8","data__change_quantiles__f_agg_""mean""__isabs_True__qh_1.0__ql_0.8",real,1.2111904101371224e-66,True
"data__fft_coefficient__attr_""abs""__coeff_37","data__fft_coefficient__attr_""abs""__coeff_37",real,1.3884187173422727e-66,True
"data__change_quantiles__f_agg_""mean""__isabs_True__qh_1.0__ql_0.4","data__change_quantiles__f_agg_""mean""__isabs_True__qh_1.0__ql_0.4",real,1.499575575235996e-66,True
data__partial_autocorrelation__lag_2,data__partial_autocorrelation__lag_2,real,1.553893550385423e-66,True
"data__change_quantiles__f_agg_""mean""__isabs_True__qh_0.2__ql_0.0","data__change_quantiles__f_agg_""mean""__isabs_True__qh_0.2__ql_0.0",real,1.6101722469119124e-66,True
"data__change_quantiles__f_agg_""mean""__isabs_True__qh_1.0__ql_0.6","data__change_quantiles__f_agg_""mean""__isabs_True__qh_1.0__ql_0.6",real,1.728896449773661e-66,True
"data__change_quantiles__f_agg_""mean""__isabs_True__qh_1.0__ql_0.2","data__change_quantiles__f_agg_""mean""__isabs_True__qh_1.0__ql_0.2",real,1.7495151615898463e-66,True
"data__change_quantiles__f_agg_""mean""__isabs_True__qh_0.6__ql_0.0","data__change_quantiles__f_agg_""mean""__isabs_True__qh_0.6__ql_0.0",real,2.016910181777009e-66,True
"data__fft_coefficient__attr_""real""__coeff_42","data__fft_coefficient__attr_""real""__coeff_42",real,2.0257144466190867e-66,True
"data__agg_linear_trend__attr_""stderr""__chunk_len_10__f_agg_""max""","data__agg_linear_trend__attr_""stderr""__chunk_len_10__f_agg_""max""",real,2.744216915423229e-66,True
"data__agg_linear_trend__attr_""stderr""__chunk_len_50__f_agg_""min""","data__agg_linear_trend__attr_""stderr""__chunk_len_50__f_agg_""min""",real,3.0167478021441557e-66,True
"data__change_quantiles__f_agg_""mean""__isabs_True__qh_0.4__ql_0.0","data__change_quantiles__f_agg_""mean""__isabs_True__qh_0.4__ql_0.0",real,3.0167478021441557e-66,True
"data__change_quantiles__f_agg_""mean""__isabs_True__qh_0.8__ql_0.0","data__change_quantiles__f_agg_""mean""__isabs_True__qh_0.8__ql_0.0",real,3.0526580554686386e-66,True
"data__agg_linear_trend__attr_""stderr""__chunk_len_50__f_agg_""var""","data__agg_linear_trend__attr_""stderr""__chunk_len_50__f_agg_""var""",real,4.007029049799061e-66,True
"data__agg_linear_trend__attr_""slope""__chunk_len_10__f_agg_""max""","data__agg_linear_trend__attr_""slope""__chunk_len_10__f_agg_""max""",real,4.841125041433569e-66,True
"data__agg_linear_trend__attr_""intercept""__chunk_len_10__f_agg_""max""","data__agg_linear_trend__attr_""intercept""__chunk_len_10__f_agg_""max""",real,5.848142744064436e-66,True
"data__fft_coefficient__attr_""abs""__coeff_26","data__fft_coefficient__attr_""abs""__coeff_26",real,1.0394521654838046e-65,True
data__ar_coefficient__coeff_1__k_10,data__ar_coefficient__coeff_1__k_10,real,1.0424087810374958e-65,True
data__ratio_beyond_r_sigma__r_1,data__ratio_beyond_r_sigma__r_1,real,1.15462851475718e-65,True
data__energy_ratio_by_chunks__num_segments_10__segment_focus_4,data__energy_ratio_by_chunks__num_segments_10__segment_focus_4,real,1.2688169836618537e-65,True
"data__agg_linear_trend__attr_""slope""__chunk_len_10__f_agg_""min""","data__agg_linear_trend__attr_""slope""__chunk_len_10__f_agg_""min""",real,1.6499851617334567e-65,True
data__index_mass_quantile__q_0.3,data__index_mass_quantile__q_0.3,real,1.697653583718483e-65,True
"data__agg_linear_trend__attr_""stderr""__chunk_len_10__f_agg_""min""","data__agg_linear_trend__attr_""stderr""__chunk_len_10__f_agg_""min""",real,1.9226129002868123e-65,True
"data__agg_linear_trend__attr_""intercept""__chunk_len_10__f_agg_""min""","data__agg_linear_trend__attr_""intercept""__chunk_len_10__f_agg_""min""",real,2.347935325136659e-65,True
data__ar_coefficient__coeff_5__k_10,data__ar_coefficient__coeff_5__k_10,real,2.4735423129700617e-65,True
data__index_mass_quantile__q_0.6,data__index_mass_quantile__q_0.6,real,3.09356283798334e-65,True
data__value_count__value_-1,data__value_count__value_-1,real,3.506116666009207e-65,True
data__number_crossing_m__m_-1,data__number_crossing_m__m_-1,real,3.506116666009207e-65,True
"data__fft_coefficient__attr_""abs""__coeff_25","data__fft_coefficient__attr_""abs""__coeff_25",real,3.5957885083009885e-65,True
data__index_mass_quantile__q_0.4,data__index_mass_quantile__q_0.4,real,4.942985491018218e-65,True
"data__agg_autocorrelation__f_agg_""var""__maxlag_40","data__agg_autocorrelation__f_agg_""var""__maxlag_40",real,6.144890308618987e-65,True
data__index_mass_quantile__q_0.7,data__index_mass_quantile__q_0.7,real,1.2540015870658424e-64,True
"data__agg_linear_trend__attr_""stderr""__chunk_len_5__f_agg_""max""","data__agg_linear_trend__attr_""stderr""__chunk_len_5__f_agg_""max""",real,5.022209735021535e-64,True
"data__agg_linear_trend__attr_""slope""__chunk_len_50__f_agg_""var""","data__agg_linear_trend__attr_""slope""__chunk_len_50__f_agg_""var""",real,1.7790335549645766e-63,True
"data__agg_linear_trend__attr_""intercept""__chunk_len_50__f_agg_""var""","data__agg_linear_trend__attr_""intercept""__chunk_len_50__f_agg_""var""",real,2.2684672554925645e-63,True
"data__agg_linear_trend__attr_""stderr""__chunk_len_5__f_agg_""min""","data__agg_linear_trend__attr_""stderr""__chunk_len_5__f_agg_""min""",real,2.6364951442139276e-63,True
data__index_mass_quantile__q_0.2,data__index_mass_quantile__q_0.2,real,3.612016048919685e-63,True
"data__fft_coefficient__attr_""abs""__coeff_24","data__fft_coefficient__attr_""abs""__coeff_24",real,4.113555052456631e-63,True
data__index_mass_quantile__q_0.8,data__index_mass_quantile__q_0.8,real,4.8336967984289564e-63,True
data__root_mean_square,data__root_mean_square,real,1.7651175891042121e-62,True
data__standard_deviation,data__standard_deviation,real,1.7651175891042121e-62,True
data__abs_energy,data__abs_energy,real,1.7651175891042121e-62,True
data__variance,data__variance,real,1.7651175891042121e-62,True
"data__linear_trend__attr_""stderr""","data__linear_trend__attr_""stderr""",real,1.7651175891042121e-62,True
"data__agg_linear_trend__attr_""slope""__chunk_len_50__f_agg_""max""","data__agg_linear_trend__attr_""slope""__chunk_len_50__f_agg_""max""",real,4.7855834327090605e-62,True
"data__fft_coefficient__attr_""abs""__coeff_36","data__fft_coefficient__attr_""abs""__coeff_36",real,1.2102290170276354e-61,True
"data__agg_linear_trend__attr_""slope""__chunk_len_50__f_agg_""min""","data__agg_linear_trend__attr_""slope""__chunk_len_50__f_agg_""min""",real,1.2928696471079446e-61,True
"data__agg_linear_trend__attr_""intercept""__chunk_len_50__f_agg_""max""","data__agg_linear_trend__attr_""intercept""__chunk_len_50__f_agg_""max""",real,1.8830827290572012e-61,True
data__energy_ratio_by_chunks__num_segments_10__segment_focus_5,data__energy_ratio_by_chunks__num_segments_10__segment_focus_5,real,4.0682950591281704e-61,True
"data__agg_linear_trend__attr_""intercept""__chunk_len_50__f_agg_""min""","data__agg_linear_trend__attr_""intercept""__chunk_len_50__f_agg_""min""",real,4.570927347729946e-61,True
"data__fft_coefficient__attr_""abs""__coeff_38","data__fft_coefficient__attr_""abs""__coeff_38",real,1.0381549033972918e-60,True
"data__fft_coefficient__attr_""abs""__coeff_23","data__fft_coefficient__attr_""abs""__coeff_23",real,1.592453083275239e-60,True
"data__fft_aggregated__aggtype_""centroid""","data__fft_aggregated__aggtype_""centroid""",real,1.8021783031883293e-60,True
data__energy_ratio_by_chunks__num_segments_10__segment_focus_9,data__energy_ratio_by_chunks__num_segments_10__segment_focus_9,real,3.7445822653905876e-60,True
data__percentage_of_reoccurring_values_to_all_values,data__percentage_of_reoccurring_values_to_all_values,real,5.615346989773503e-60,True
"data__fft_aggregated__aggtype_""skew""","data__fft_aggregated__aggtype_""skew""",real,1.3035866526901118e-59,True
"data__fft_coefficient__attr_""imag""__coeff_25","data__fft_coefficient__attr_""imag""__coeff_25",real,2.2864414430062463e-59,True
data__ratio_beyond_r_sigma__r_1.5,data__ratio_beyond_r_sigma__r_1.5,real,4.922619286611213e-59,True
"data__agg_linear_trend__attr_""stderr""__chunk_len_5__f_agg_""mean""","data__agg_linear_trend__attr_""stderr""__chunk_len_5__f_agg_""mean""",real,7.70495779277327e-59,True
"data__fft_coefficient__attr_""imag""__coeff_38","data__fft_coefficient__attr_""imag""__coeff_38",real,3.9426512089231734e-58,True
data__ratio_beyond_r_sigma__r_2,data__ratio_beyond_r_sigma__r_2,real,4.325182602357047e-58,True
data__ratio_beyond_r_sigma__r_3,data__ratio_beyond_r_sigma__r_3,real,5.151698172584897e-58,True
data__ratio_beyond_r_sigma__r_2.5,data__ratio_beyond_r_sigma__r_2.5,real,9.442168850325901e-58,True
"data__fft_coefficient__attr_""abs""__coeff_22","data__fft_coefficient__attr_""abs""__coeff_22",real,1.3958105021187804e-57,True
data__partial_autocorrelation__lag_3,data__partial_autocorrelation__lag_3,real,3.138407074894652e-57,True
data__ar_coefficient__coeff_7__k_10,data__ar_coefficient__coeff_7__k_10,real,6.886856696099566e-57,True
data__energy_ratio_by_chunks__num_segments_10__segment_focus_0,data__energy_ratio_by_chunks__num_segments_10__segment_focus_0,real,1.1241121951343125e-56,True
data__ar_coefficient__coeff_6__k_10,data__ar_coefficient__coeff_6__k_10,real,1.2130351423053427e-56,True
data__spkt_welch_density__coeff_8,data__spkt_welch_density__coeff_8,real,6.166029612771608e-56,True
data__energy_ratio_by_chunks__num_segments_10__segment_focus_8,data__energy_ratio_by_chunks__num_segments_10__segment_focus_8,real,1.651884664916479e-55,True
data__ar_coefficient__coeff_2__k_10,data__ar_coefficient__coeff_2__k_10,real,5.409365969154892e-55,True
data__partial_autocorrelation__lag_5,data__partial_autocorrelation__lag_5,real,9.768009169154065e-55,True
"data__fft_coefficient__attr_""abs""__coeff_21","data__fft_coefficient__attr_""abs""__coeff_21",real,9.861265378370775e-55,True
"data__fft_coefficient__attr_""angle""__coeff_46","data__fft_coefficient__attr_""angle""__coeff_46",real,9.967193742694532e-55,True
"data__fft_coefficient__attr_""imag""__coeff_53","data__fft_coefficient__attr_""imag""__coeff_53",real,1.0741106617542932e-54,True
data__number_cwt_peaks__n_5,data__number_cwt_peaks__n_5,real,1.2684130362166629e-54,True
data__number_peaks__n_50,data__number_peaks__n_50,real,3.7280372678294e-54,True
data__ar_coefficient__coeff_8__k_10,data__ar_coefficient__coeff_8__k_10,real,4.199087695938195e-54,True
"data__fft_coefficient__attr_""abs""__coeff_5","data__fft_coefficient__attr_""abs""__coeff_5",real,8.017925289998329e-54,True
data__index_mass_quantile__q_0.1,data__index_mass_quantile__q_0.1,real,1.1391843989464785e-53,True
"data__fft_coefficient__attr_""abs""__coeff_20","data__fft_coefficient__attr_""abs""__coeff_20",real,1.4051289553422112e-53,True
"data__fft_coefficient__attr_""abs""__coeff_4","data__fft_coefficient__attr_""abs""__coeff_4",real,2.8648237607779647e-53,True
"data__fft_coefficient__attr_""abs""__coeff_35","data__fft_coefficient__attr_""abs""__coeff_35",real,2.972292776486566e-53,True
"data__fft_coefficient__attr_""abs""__coeff_6","data__fft_coefficient__attr_""abs""__coeff_6",real,4.192153477070304e-53,True
"data__fft_coefficient__attr_""imag""__coeff_45","data__fft_coefficient__attr_""imag""__coeff_45",real,6.142243696516639e-53,True
"data__fft_coefficient__attr_""imag""__coeff_39","data__fft_coefficient__attr_""imag""__coeff_39",real,9.152185882024442e-53,True
"data__fft_coefficient__attr_""real""__coeff_35","data__fft_coefficient__attr_""real""__coeff_35",real,1.0598907703661713e-52,True
data__index_mass_quantile__q_0.9,data__index_mass_quantile__q_0.9,real,1.3155519392821257e-52,True
"data__fft_coefficient__attr_""abs""__coeff_3","data__fft_coefficient__attr_""abs""__coeff_3",real,1.3507432498603809e-52,True
"data__fft_coefficient__attr_""real""__coeff_57","data__fft_coefficient__attr_""real""__coeff_57",real,1.884824135527074e-52,True
"data__agg_linear_trend__attr_""stderr""__chunk_len_10__f_agg_""mean""","data__agg_linear_trend__attr_""stderr""__chunk_len_10__f_agg_""mean""",real,3.473232600661664e-52,True
data__energy_ratio_by_chunks__num_segments_10__segment_focus_7,data__energy_ratio_by_chunks__num_segments_10__segment_focus_7,real,4.465105762596587e-52,True
"data__fft_coefficient__attr_""abs""__coeff_19","data__fft_coefficient__attr_""abs""__coeff_19",real,4.575611912764698e-52,True
"data__fft_coefficient__attr_""abs""__coeff_2","data__fft_coefficient__attr_""abs""__coeff_2",real,5.921432085390651e-52,True
"data__fft_coefficient__attr_""abs""__coeff_1","data__fft_coefficient__attr_""abs""__coeff_1",real,1.5454106340565662e-51,True
"data__agg_linear_trend__attr_""rvalue""__chunk_len_5__f_agg_""var""","data__agg_linear_trend__attr_""rvalue""__chunk_len_5__f_agg_""var""",real,1.8206043270511243e-51,True
"data__fft_coefficient__attr_""abs""__coeff_7","data__fft_coefficient__attr_""abs""__coeff_7",real,2.765627229812442e-51,True
"data__fft_coefficient__attr_""real""__coeff_26","data__fft_coefficient__attr_""real""__coeff_26",real,3.9523580932634785e-51,True
data__percentage_of_reoccurring_datapoints_to_all_datapoints,data__percentage_of_reoccurring_datapoints_to_all_datapoints,real,1.5306165505449343e-50,True
"data__fft_coefficient__attr_""abs""__coeff_34","data__fft_coefficient__attr_""abs""__coeff_34",real,3.5942206088017365e-50,True
data__energy_ratio_by_chunks__num_segments_10__segment_focus_6,data__energy_ratio_by_chunks__num_segments_10__segment_focus_6,real,4.864839203978389e-50,True
data__friedrich_coefficients__coeff_0__m_3__r_30,data__friedrich_coefficients__coeff_0__m_3__r_30,real,7.167163012757925e-50,True
"data__fft_coefficient__attr_""abs""__coeff_18","data__fft_coefficient__attr_""abs""__coeff_18",real,1.353148481256826e-48,True
"data__agg_linear_trend__attr_""rvalue""__chunk_len_10__f_agg_""var""","data__agg_linear_trend__attr_""rvalue""__chunk_len_10__f_agg_""var""",real,1.9425381087449897e-48,True
data__quantile__q_0.1,data__quantile__q_0.1,real,1.7549260072954144e-47,True
data__quantile__q_0.9,data__quantile__q_0.9,real,1.7554225099160464e-47,True
data__number_peaks__n_1,data__number_peaks__n_1,real,1.7760303771070105e-47,True
data__ratio_value_number_to_time_series_length,data__ratio_value_number_to_time_series_length,real,1.7761096877738254e-47,True
data__permutation_entropy__dimension_4__tau_1,data__permutation_entropy__dimension_4__tau_1,real,1.77643577924347e-47,True
data__permutation_entropy__dimension_3__tau_1,data__permutation_entropy__dimension_3__tau_1,real,1.77643577924347e-47,True
data__permutation_entropy__dimension_7__tau_1,data__permutation_entropy__dimension_7__tau_1,real,1.77643577924347e-47,True
"data__agg_linear_trend__attr_""stderr""__chunk_len_50__f_agg_""mean""","data__agg_linear_trend__attr_""stderr""__chunk_len_50__f_agg_""mean""",real,1.77643577924347e-47,True
data__spkt_welch_density__coeff_2,data__spkt_welch_density__coeff_2,real,1.77643577924347e-47,True
data__permutation_entropy__dimension_6__tau_1,data__permutation_entropy__dimension_6__tau_1,real,1.77643577924347e-47,True
data__permutation_entropy__dimension_5__tau_1,data__permutation_entropy__dimension_5__tau_1,real,1.77643577924347e-47,True
data__number_peaks__n_3,data__number_peaks__n_3,real,1.8190074083333127e-47,True
"data__fft_coefficient__attr_""angle""__coeff_42","data__fft_coefficient__attr_""angle""__coeff_42",real,1.8413299608465031e-47,True
data__quantile__q_0.2,data__quantile__q_0.2,real,1.8490967641155362e-47,True
"data__fft_coefficient__attr_""real""__coeff_27","data__fft_coefficient__attr_""real""__coeff_27",real,2.0261474202914772e-47,True
"data__change_quantiles__f_agg_""var""__isabs_True__qh_0.6__ql_0.2","data__change_quantiles__f_agg_""var""__isabs_True__qh_0.6__ql_0.2",real,2.2029400677146984e-47,True
"data__change_quantiles__f_agg_""var""__isabs_True__qh_0.8__ql_0.2","data__change_quantiles__f_agg_""var""__isabs_True__qh_0.8__ql_0.2",real,2.2029400677146984e-47,True
"data__change_quantiles__f_agg_""var""__isabs_False__qh_0.8__ql_0.2","data__change_quantiles__f_agg_""var""__isabs_False__qh_0.8__ql_0.2",real,2.2562151916937577e-47,True
"data__change_quantiles__f_agg_""var""__isabs_False__qh_0.6__ql_0.2","data__change_quantiles__f_agg_""var""__isabs_False__qh_0.6__ql_0.2",real,2.2833316626254473e-47,True
"data__change_quantiles__f_agg_""var""__isabs_True__qh_0.4__ql_0.2","data__change_quantiles__f_agg_""var""__isabs_True__qh_0.4__ql_0.2",real,2.2833316626254473e-47,True
"data__change_quantiles__f_agg_""mean""__isabs_True__qh_0.8__ql_0.2","data__change_quantiles__f_agg_""mean""__isabs_True__qh_0.8__ql_0.2",real,2.2833316626254473e-47,True
data__benford_correlation,data__benford_correlation,real,2.3107724787221316e-47,True
data__value_count__value_0,data__value_count__value_0,real,2.4231497305310233e-47,True
"data__change_quantiles__f_agg_""mean""__isabs_True__qh_0.6__ql_0.2","data__change_quantiles__f_agg_""mean""__isabs_True__qh_0.6__ql_0.2",real,2.4238570993035995e-47,True
"data__change_quantiles__f_agg_""var""__isabs_False__qh_0.4__ql_0.2","data__change_quantiles__f_agg_""var""__isabs_False__qh_0.4__ql_0.2",real,2.603892061773264e-47,True
"data__change_quantiles__f_agg_""mean""__isabs_True__qh_0.8__ql_0.4","data__change_quantiles__f_agg_""mean""__isabs_True__qh_0.8__ql_0.4",real,2.603892061773264e-47,True
"data__change_quantiles__f_agg_""var""__isabs_False__qh_0.8__ql_0.4","data__change_quantiles__f_agg_""var""__isabs_False__qh_0.8__ql_0.4",real,2.6668133881783574e-47,True
"data__change_quantiles__f_agg_""mean""__isabs_True__qh_0.4__ql_0.2","data__change_quantiles__f_agg_""mean""__isabs_True__qh_0.4__ql_0.2",real,2.6988392193841693e-47,True
data__number_crossing_m__m_0,data__number_crossing_m__m_0,real,2.7309778956429577e-47,True
"data__change_quantiles__f_agg_""var""__isabs_True__qh_0.8__ql_0.4","data__change_quantiles__f_agg_""var""__isabs_True__qh_0.8__ql_0.4",real,2.7312478105930396e-47,True
data__number_peaks__n_5,data__number_peaks__n_5,real,2.880779518233397e-47,True
"data__fft_coefficient__attr_""abs""__coeff_39","data__fft_coefficient__attr_""abs""__coeff_39",real,3.0409185556000427e-47,True
"data__fft_coefficient__attr_""angle""__coeff_43","data__fft_coefficient__attr_""angle""__coeff_43",real,3.22780812757908e-47,True
"data__fft_coefficient__attr_""real""__coeff_40","data__fft_coefficient__attr_""real""__coeff_40",real,4.048294914427034e-47,True
"data__fft_coefficient__attr_""imag""__coeff_68","data__fft_coefficient__attr_""imag""__coeff_68",real,6.455734337835903e-47,True
"data__change_quantiles__f_agg_""mean""__isabs_True__qh_0.8__ql_0.6","data__change_quantiles__f_agg_""mean""__isabs_True__qh_0.8__ql_0.6",real,7.695872410823339e-47,True
"data__fft_coefficient__attr_""real""__coeff_39","data__fft_coefficient__attr_""real""__coeff_39",real,8.166702566644376e-47,True
"data__change_quantiles__f_agg_""var""__isabs_False__qh_0.8__ql_0.6","data__change_quantiles__f_agg_""var""__isabs_False__qh_0.8__ql_0.6",real,8.2642536352532205e-47,True
"data__fft_coefficient__attr_""angle""__coeff_44","data__fft_coefficient__attr_""angle""__coeff_44",real,8.666192033775483e-47,True
"data__fft_coefficient__attr_""abs""__coeff_33","data__fft_coefficient__attr_""abs""__coeff_33",real,9.86523777532805e-47,True
"data__fft_coefficient__attr_""angle""__coeff_31","data__fft_coefficient__attr_""angle""__coeff_31",real,1.1323659385566609e-46,True
"data__change_quantiles__f_agg_""var""__isabs_True__qh_0.6__ql_0.4","data__change_quantiles__f_agg_""var""__isabs_True__qh_0.6__ql_0.4",real,1.2817500048845399e-46,True
"data__fft_coefficient__attr_""real""__coeff_72","data__fft_coefficient__attr_""real""__coeff_72",real,1.3254758638438332e-46,True
data__quantile__q_0.8,data__quantile__q_0.8,real,1.377043467910271e-46,True
"data__change_quantiles__f_agg_""var""__isabs_True__qh_0.8__ql_0.6","data__change_quantiles__f_agg_""var""__isabs_True__qh_0.8__ql_0.6",real,1.3925721265487767e-46,True
"data__fft_coefficient__attr_""abs""__coeff_55","data__fft_coefficient__attr_""abs""__coeff_55",real,1.8943486780782377e-46,True
"data__fft_coefficient__attr_""real""__coeff_41","data__fft_coefficient__attr_""real""__coeff_41",real,2.1070489987856288e-46,True
data__quantile__q_0.3,data__quantile__q_0.3,real,2.264355541726351e-46,True
"data__fft_coefficient__attr_""imag""__coeff_43","data__fft_coefficient__attr_""imag""__coeff_43",real,2.428048817174888e-46,True
"data__fft_coefficient__attr_""angle""__coeff_29","data__fft_coefficient__attr_""angle""__coeff_29",real,2.6373104625819073e-46,True
"data__fft_coefficient__attr_""imag""__coeff_44","data__fft_coefficient__attr_""imag""__coeff_44",real,2.732399726896482e-46,True
"data__change_quantiles__f_agg_""var""__isabs_False__qh_0.6__ql_0.4","data__change_quantiles__f_agg_""var""__isabs_False__qh_0.6__ql_0.4",real,2.764848295536212e-46,True
"data__change_quantiles__f_agg_""mean""__isabs_True__qh_0.6__ql_0.4","data__change_quantiles__f_agg_""mean""__isabs_True__qh_0.6__ql_0.4",real,3.111185905703602e-46,True
"data__fft_coefficient__attr_""real""__coeff_36","data__fft_coefficient__attr_""real""__coeff_36",real,4.016719805010581e-46,True
"data__fft_coefficient__attr_""real""__coeff_23","data__fft_coefficient__attr_""real""__coeff_23",real,4.8688567151760945e-46,True
"data__fft_coefficient__attr_""imag""__coeff_28","data__fft_coefficient__attr_""imag""__coeff_28",real,6.233518777538052e-46,True
data__ar_coefficient__coeff_4__k_10,data__ar_coefficient__coeff_4__k_10,real,7.010921156207177e-46,True
"data__fft_coefficient__attr_""abs""__coeff_54","data__fft_coefficient__attr_""abs""__coeff_54",real,1.6311880048425452e-45,True
"data__fft_coefficient__attr_""imag""__coeff_29","data__fft_coefficient__attr_""imag""__coeff_29",real,2.3166252692975446e-45,True
"data__fft_coefficient__attr_""abs""__coeff_93","data__fft_coefficient__attr_""abs""__coeff_93",real,2.57341607801554e-45,True
data__quantile__q_0.4,data__quantile__q_0.4,real,2.6013838780649995e-45,True
data__has_duplicate_max,data__has_duplicate_max,binary,3.168244791560259e-45,True
"data__fft_coefficient__attr_""angle""__coeff_41","data__fft_coefficient__attr_""angle""__coeff_41",real,3.2122798546440536e-45,True
"data__fft_coefficient__attr_""abs""__coeff_92","data__fft_coefficient__attr_""abs""__coeff_92",real,4.400317031976064e-45,True
"data__fft_coefficient__attr_""abs""__coeff_80","data__fft_coefficient__attr_""abs""__coeff_80",real,4.9436602862877034e-45,True
"data__fft_coefficient__attr_""abs""__coeff_90","data__fft_coefficient__attr_""abs""__coeff_90",real,5.5537207179640146e-45,True
"data__fft_coefficient__attr_""abs""__coeff_42","data__fft_coefficient__attr_""abs""__coeff_42",real,6.689287991991939e-45,True
"data__fft_coefficient__attr_""abs""__coeff_91","data__fft_coefficient__attr_""abs""__coeff_91",real,6.84658672634766e-45,True
"data__fft_coefficient__attr_""abs""__coeff_94","data__fft_coefficient__attr_""abs""__coeff_94",real,7.870727483426657e-45,True
"data__fft_coefficient__attr_""abs""__coeff_81","data__fft_coefficient__attr_""abs""__coeff_81",real,7.870727483426657e-45,True
"data__fft_coefficient__attr_""abs""__coeff_89","data__fft_coefficient__attr_""abs""__coeff_89",real,9.476989632032412e-45,True
"data__fft_coefficient__attr_""abs""__coeff_79","data__fft_coefficient__attr_""abs""__coeff_79",real,1.0278592911962482e-44,True
"data__fft_coefficient__attr_""abs""__coeff_17","data__fft_coefficient__attr_""abs""__coeff_17",real,1.19924225793327e-44,True
"data__fft_coefficient__attr_""abs""__coeff_40","data__fft_coefficient__attr_""abs""__coeff_40",real,1.2230650579000583e-44,True
"data__fft_coefficient__attr_""abs""__coeff_88","data__fft_coefficient__attr_""abs""__coeff_88",real,1.2230650579000583e-44,True
"data__fft_coefficient__attr_""abs""__coeff_95","data__fft_coefficient__attr_""abs""__coeff_95",real,1.7714556753508133e-44,True
"data__fft_coefficient__attr_""imag""__coeff_31","data__fft_coefficient__attr_""imag""__coeff_31",real,1.7957738707851592e-44,True
"data__fft_coefficient__attr_""abs""__coeff_87","data__fft_coefficient__attr_""abs""__coeff_87",real,1.8339923122907946e-44,True
"data__fft_coefficient__attr_""abs""__coeff_41","data__fft_coefficient__attr_""abs""__coeff_41",real,2.082674872592185e-44,True
"data__fft_coefficient__attr_""abs""__coeff_82","data__fft_coefficient__attr_""abs""__coeff_82",real,2.2581125494556023e-44,True
"data__fft_coefficient__attr_""abs""__coeff_56","data__fft_coefficient__attr_""abs""__coeff_56",real,2.364885243321746e-44,True
"data__fft_coefficient__attr_""abs""__coeff_53","data__fft_coefficient__attr_""abs""__coeff_53",real,2.563962498646915e-44,True
"data__fft_coefficient__attr_""abs""__coeff_83","data__fft_coefficient__attr_""abs""__coeff_83",real,2.8446002652249944e-44,True
"data__fft_coefficient__attr_""abs""__coeff_68","data__fft_coefficient__attr_""abs""__coeff_68",real,3.304743230294695e-44,True
"data__fft_coefficient__attr_""abs""__coeff_8","data__fft_coefficient__attr_""abs""__coeff_8",real,3.4008335321562227e-44,True
"data__fft_coefficient__attr_""abs""__coeff_78","data__fft_coefficient__attr_""abs""__coeff_78",real,3.838882271994098e-44,True
"data__fft_coefficient__attr_""abs""__coeff_86","data__fft_coefficient__attr_""abs""__coeff_86",real,4.3074750461195575e-44,True
"data__fft_coefficient__attr_""abs""__coeff_84","data__fft_coefficient__attr_""abs""__coeff_84",real,6.153082334874275e-44,True
"data__fft_coefficient__attr_""abs""__coeff_96","data__fft_coefficient__attr_""abs""__coeff_96",real,7.144216197625351e-44,True
"data__fft_coefficient__attr_""abs""__coeff_67","data__fft_coefficient__attr_""abs""__coeff_67",real,7.742117257866034e-44,True
"data__fft_coefficient__attr_""abs""__coeff_69","data__fft_coefficient__attr_""abs""__coeff_69",real,7.921912031363843e-44,True
"data__fft_coefficient__attr_""abs""__coeff_85","data__fft_coefficient__attr_""abs""__coeff_85",real,8.683591930322289e-44,True
"data__fft_coefficient__attr_""angle""__coeff_25","data__fft_coefficient__attr_""angle""__coeff_25",real,8.885130911143337e-44,True
"data__fft_coefficient__attr_""abs""__coeff_66","data__fft_coefficient__attr_""abs""__coeff_66",real,8.987638683101343e-44,True
data__number_peaks__n_10,data__number_peaks__n_10,real,9.610598534625316e-44,True
"data__fft_coefficient__attr_""abs""__coeff_70","data__fft_coefficient__attr_""abs""__coeff_70",real,1.1433924788679773e-43,True
"data__fft_coefficient__attr_""abs""__coeff_77","data__fft_coefficient__attr_""abs""__coeff_77",real,1.3891092650669172e-43,True
"data__fft_coefficient__attr_""abs""__coeff_65","data__fft_coefficient__attr_""abs""__coeff_65",real,1.421270896969582e-43,True
"data__fft_coefficient__attr_""abs""__coeff_97","data__fft_coefficient__attr_""abs""__coeff_97",real,1.611864264574145e-43,True
"data__fft_coefficient__attr_""real""__coeff_46","data__fft_coefficient__attr_""real""__coeff_46",real,1.706704811719725e-43,True
"data__fft_coefficient__attr_""real""__coeff_55","data__fft_coefficient__attr_""real""__coeff_55",real,1.7865579513908494e-43,True
"data__fft_coefficient__attr_""abs""__coeff_64","data__fft_coefficient__attr_""abs""__coeff_64",real,2.0726480801626456e-43,True
"data__fft_coefficient__attr_""abs""__coeff_71","data__fft_coefficient__attr_""abs""__coeff_71",real,2.0964558052674262e-43,True
"data__fft_coefficient__attr_""abs""__coeff_99","data__fft_coefficient__attr_""abs""__coeff_99",real,2.1205355734941983e-43,True
"data__fft_coefficient__attr_""imag""__coeff_21","data__fft_coefficient__attr_""imag""__coeff_21",real,2.1448904769154553e-43,True
"data__fft_coefficient__attr_""abs""__coeff_98","data__fft_coefficient__attr_""abs""__coeff_98",real,2.219637445767318e-43,True
data__energy_ratio_by_chunks__num_segments_10__segment_focus_1,data__energy_ratio_by_chunks__num_segments_10__segment_focus_1,real,2.3603558211454897e-43,True
"data__fft_coefficient__attr_""abs""__coeff_72","data__fft_coefficient__attr_""abs""__coeff_72",real,2.604191365366206e-43,True
data__first_location_of_maximum,data__first_location_of_maximum,real,2.946434879796772e-43,True
"data__fft_coefficient__attr_""abs""__coeff_63","data__fft_coefficient__attr_""abs""__coeff_63",real,3.1254069529399706e-43,True
"data__fft_coefficient__attr_""angle""__coeff_40","data__fft_coefficient__attr_""angle""__coeff_40",real,3.197462962614044e-43,True
"data__fft_coefficient__attr_""angle""__coeff_56","data__fft_coefficient__attr_""angle""__coeff_56",real,3.542715870399623e-43,True
"data__fft_coefficient__attr_""abs""__coeff_73","data__fft_coefficient__attr_""abs""__coeff_73",real,3.836675080823492e-43,True
"data__fft_coefficient__attr_""abs""__coeff_43","data__fft_coefficient__attr_""abs""__coeff_43",real,4.015417472117311e-43,True
data__range_count__max_1000000000000.0__min_0,data__range_count__max_1000000000000.0__min_0,real,4.346988814375067e-43,True
data__count_above__t_0,data__count_above__t_0,real,4.346988814375067e-43,True
data__range_count__max_0__min_-1000000000000.0,data__range_count__max_0__min_-1000000000000.0,real,4.346988814375067e-43,True
data__quantile__q_0.7,data__quantile__q_0.7,real,5.496610159146553e-43,True
"data__fft_coefficient__attr_""imag""__coeff_42","data__fft_coefficient__attr_""imag""__coeff_42",real,9.096897556225084e-43,True
"data__fft_coefficient__attr_""abs""__coeff_74","data__fft_coefficient__attr_""abs""__coeff_74",real,1.0304355427658759e-42,True
"data__fft_coefficient__attr_""abs""__coeff_75","data__fft_coefficient__attr_""abs""__coeff_75",real,1.180398657706468e-42,True
"data__fft_coefficient__attr_""abs""__coeff_52","data__fft_coefficient__attr_""abs""__coeff_52",real,1.336848791880893e-42,True
"data__fft_coefficient__attr_""abs""__coeff_76","data__fft_coefficient__attr_""abs""__coeff_76",real,1.3829868029871132e-42,True
"data__fft_coefficient__attr_""abs""__coeff_62","data__fft_coefficient__attr_""abs""__coeff_62",real,1.8553150447684907e-42,True
"data__fft_coefficient__attr_""angle""__coeff_49","data__fft_coefficient__attr_""angle""__coeff_49",real,2.5733997158669e-42,True
"data__fft_coefficient__attr_""abs""__coeff_57","data__fft_coefficient__attr_""abs""__coeff_57",real,2.6320702114890526e-42,True
"data__fft_coefficient__attr_""imag""__coeff_37","data__fft_coefficient__attr_""imag""__coeff_37",real,2.7225797513264177e-42,True
"data__fft_coefficient__attr_""real""__coeff_45","data__fft_coefficient__attr_""real""__coeff_45",real,3.4103660126405335e-42,True
"data__fft_coefficient__attr_""angle""__coeff_55","data__fft_coefficient__attr_""angle""__coeff_55",real,4.887316275700758e-42,True
data__lempel_ziv_complexity__bins_100,data__lempel_ziv_complexity__bins_100,real,1.1474046354744462e-41,True
"data__fft_coefficient__attr_""real""__coeff_47","data__fft_coefficient__attr_""real""__coeff_47",real,1.171449287066043e-41,True
"data__fft_coefficient__attr_""abs""__coeff_61","data__fft_coefficient__attr_""abs""__coeff_61",real,1.4008165878472305e-41,True
"data__fft_coefficient__attr_""abs""__coeff_58","data__fft_coefficient__attr_""abs""__coeff_58",real,2.529812523765249e-41,True
"data__fft_coefficient__attr_""angle""__coeff_57","data__fft_coefficient__attr_""angle""__coeff_57",real,2.674629391143131e-41,True
"data__fft_coefficient__attr_""angle""__coeff_28","data__fft_coefficient__attr_""angle""__coeff_28",real,3.5715544433111207e-41,True
"data__fft_coefficient__attr_""abs""__coeff_51","data__fft_coefficient__attr_""abs""__coeff_51",real,4.362053767260717e-41,True
"data__fft_coefficient__attr_""abs""__coeff_44","data__fft_coefficient__attr_""abs""__coeff_44",real,4.509766950696934e-41,True
data__ar_coefficient__coeff_10__k_10,data__ar_coefficient__coeff_10__k_10,real,4.768751948927077e-41,True
"data__fft_coefficient__attr_""angle""__coeff_30","data__fft_coefficient__attr_""angle""__coeff_30",real,5.385749345602902e-41,True
"data__fft_coefficient__attr_""abs""__coeff_16","data__fft_coefficient__attr_""abs""__coeff_16",real,5.629608084644015e-41,True
"data__fft_coefficient__attr_""imag""__coeff_46","data__fft_coefficient__attr_""imag""__coeff_46",real,6.82958558376196e-41,True
"data__fft_coefficient__attr_""angle""__coeff_21","data__fft_coefficient__attr_""angle""__coeff_21",real,8.11399924220465e-41,True
"data__fft_coefficient__attr_""imag""__coeff_27","data__fft_coefficient__attr_""imag""__coeff_27",real,1.0122285482149501e-40,True
"data__fft_coefficient__attr_""abs""__coeff_59","data__fft_coefficient__attr_""abs""__coeff_59",real,1.1815159018562685e-40,True
"data__fft_coefficient__attr_""abs""__coeff_60","data__fft_coefficient__attr_""abs""__coeff_60",real,1.6632187922769333e-40,True
"data__fft_coefficient__attr_""abs""__coeff_32","data__fft_coefficient__attr_""abs""__coeff_32",real,2.441175890705412e-40,True
"data__fft_coefficient__attr_""real""__coeff_56","data__fft_coefficient__attr_""real""__coeff_56",real,3.516198443120093e-40,True
"data__fft_coefficient__attr_""abs""__coeff_27","data__fft_coefficient__attr_""abs""__coeff_27",real,3.631004123781814e-40,True
"data__fft_coefficient__attr_""angle""__coeff_20","data__fft_coefficient__attr_""angle""__coeff_20",real,4.280301354641166e-40,True
"data__fft_coefficient__attr_""imag""__coeff_30","data__fft_coefficient__attr_""imag""__coeff_30",real,4.423397607754736e-40,True
data__last_location_of_maximum,data__last_location_of_maximum,real,1.0004635257648863e-39,True
"data__fft_coefficient__attr_""angle""__coeff_58","data__fft_coefficient__attr_""angle""__coeff_58",real,1.0960702282082048e-39,True
"data__fft_coefficient__attr_""real""__coeff_30","data__fft_coefficient__attr_""real""__coeff_30",real,1.3930173014896269e-39,True
"data__fft_coefficient__attr_""abs""__coeff_45","data__fft_coefficient__attr_""abs""__coeff_45",real,3.907814161930484e-39,True
"data__fft_coefficient__attr_""abs""__coeff_50","data__fft_coefficient__attr_""abs""__coeff_50",real,5.347608795079309e-39,True
"data__fft_coefficient__attr_""angle""__coeff_76","data__fft_coefficient__attr_""angle""__coeff_76",real,9.156346542392508e-39,True
data__large_standard_deviation__r_0.05,data__large_standard_deviation__r_0.05,binary,1.031257508077775e-38,True
"data__fft_coefficient__attr_""real""__coeff_87","data__fft_coefficient__attr_""real""__coeff_87",real,1.7571066523434425e-38,True
"data__fft_coefficient__attr_""imag""__coeff_83","data__fft_coefficient__attr_""imag""__coeff_83",real,1.9380292959608559e-38,True
data__number_cwt_peaks__n_1,data__number_cwt_peaks__n_1,real,2.2118230293354406e-38,True
"data__fft_coefficient__attr_""abs""__coeff_28","data__fft_coefficient__attr_""abs""__coeff_28",real,2.2136933728335515e-38,True
data__partial_autocorrelation__lag_6,data__partial_autocorrelation__lag_6,real,2.3783474698526845e-38,True
"data__fft_coefficient__attr_""angle""__coeff_50","data__fft_coefficient__attr_""angle""__coeff_50",real,5.318831304697083e-38,True
"data__fft_coefficient__attr_""real""__coeff_29","data__fft_coefficient__attr_""real""__coeff_29",real,7.399925060243616e-38,True
data__lempel_ziv_complexity__bins_2,data__lempel_ziv_complexity__bins_2,real,1.1216759092259262e-37,True
"data__fft_coefficient__attr_""angle""__coeff_79","data__fft_coefficient__attr_""angle""__coeff_79",real,1.9641828621640448e-37,True
"data__fft_coefficient__attr_""imag""__coeff_58","data__fft_coefficient__attr_""imag""__coeff_58",real,2.426715411828558e-37,True
"data__matrix_profile__feature_""min""__threshold_0.98","data__matrix_profile__feature_""min""__threshold_0.98",real,3.820081812618314e-37,True
"data__fft_coefficient__attr_""angle""__coeff_91","data__fft_coefficient__attr_""angle""__coeff_91",real,4.6031997361831065e-37,True
"data__matrix_profile__feature_""max""__threshold_0.98","data__matrix_profile__feature_""max""__threshold_0.98",real,5.056309410671792e-37,True
"data__fft_coefficient__attr_""abs""__coeff_13","data__fft_coefficient__attr_""abs""__coeff_13",real,5.2941926458901265e-37,True
"data__linear_trend__attr_""pvalue""","data__linear_trend__attr_""pvalue""",real,5.878487249164581e-37,True
"data__fft_coefficient__attr_""imag""__coeff_48","data__fft_coefficient__attr_""imag""__coeff_48",real,6.2638217767569835e-37,True
"data__fft_coefficient__attr_""abs""__coeff_15","data__fft_coefficient__attr_""abs""__coeff_15",real,6.47062270788683e-37,True
"data__fft_coefficient__attr_""real""__coeff_64","data__fft_coefficient__attr_""real""__coeff_64",real,9.329656787853859e-37,True
"data__fft_coefficient__attr_""imag""__coeff_47","data__fft_coefficient__attr_""imag""__coeff_47",real,1.1269105313353662e-36,True
"data__fft_coefficient__attr_""real""__coeff_31","data__fft_coefficient__attr_""real""__coeff_31",real,1.1269105313353662e-36,True
"data__fft_coefficient__attr_""abs""__coeff_11","data__fft_coefficient__attr_""abs""__coeff_11",real,1.6249150734332197e-36,True
"data__fft_coefficient__attr_""abs""__coeff_46","data__fft_coefficient__attr_""abs""__coeff_46",real,2.292777444163323e-36,True
"data__fft_coefficient__attr_""imag""__coeff_57","data__fft_coefficient__attr_""imag""__coeff_57",real,2.3167980869435775e-36,True
data__spkt_welch_density__coeff_5,data__spkt_welch_density__coeff_5,real,3.739225483018251e-36,True
"data__fft_coefficient__attr_""abs""__coeff_12","data__fft_coefficient__attr_""abs""__coeff_12",real,3.8576112760868426e-36,True
"data__fft_coefficient__attr_""abs""__coeff_49","data__fft_coefficient__attr_""abs""__coeff_49",real,4.063253973960714e-36,True
"data__fft_coefficient__attr_""real""__coeff_44","data__fft_coefficient__attr_""real""__coeff_44",real,4.650333737593064e-36,True
"data__fft_coefficient__attr_""imag""__coeff_49","data__fft_coefficient__attr_""imag""__coeff_49",real,5.902800744987367e-36,True
"data__fft_coefficient__attr_""imag""__coeff_91","data__fft_coefficient__attr_""imag""__coeff_91",real,1.0477373895907741e-35,True
"data__fft_coefficient__attr_""abs""__coeff_14","data__fft_coefficient__attr_""abs""__coeff_14",real,1.1559317317700885e-35,True
data__ar_coefficient__coeff_3__k_10,data__ar_coefficient__coeff_3__k_10,real,1.530152507930464e-35,True
"data__agg_linear_trend__attr_""rvalue""__chunk_len_50__f_agg_""var""","data__agg_linear_trend__attr_""rvalue""__chunk_len_50__f_agg_""var""",real,1.9748915642823016e-35,True
"data__fft_coefficient__attr_""angle""__coeff_45","data__fft_coefficient__attr_""angle""__coeff_45",real,2.660270201893971e-35,True
data__binned_entropy__max_bins_10,data__binned_entropy__max_bins_10,real,2.715436366349849e-35,True
"data__fft_coefficient__attr_""angle""__coeff_48","data__fft_coefficient__attr_""angle""__coeff_48",real,2.715436366349849e-35,True
"data__fft_coefficient__attr_""imag""__coeff_24","data__fft_coefficient__attr_""imag""__coeff_24",real,3.927261120535328e-35,True
"data__fft_coefficient__attr_""angle""__coeff_70","data__fft_coefficient__attr_""angle""__coeff_70",real,4.091400505071858e-35,True
"data__fft_coefficient__attr_""angle""__coeff_64","data__fft_coefficient__attr_""angle""__coeff_64",real,4.3061900796274783e-35,True
"data__fft_coefficient__attr_""imag""__coeff_41","data__fft_coefficient__attr_""imag""__coeff_41",real,4.868490222354408e-35,True
"data__fft_coefficient__attr_""imag""__coeff_20","data__fft_coefficient__attr_""imag""__coeff_20",real,5.071681771250441e-35,True
"data__fft_coefficient__attr_""angle""__coeff_98","data__fft_coefficient__attr_""angle""__coeff_98",real,6.033510614201118e-35,True
"data__fft_coefficient__attr_""real""__coeff_71","data__fft_coefficient__attr_""real""__coeff_71",real,6.22304433914787e-35,True
"data__fft_coefficient__attr_""angle""__coeff_75","data__fft_coefficient__attr_""angle""__coeff_75",real,7.127821447060882e-35,True
"data__fft_coefficient__attr_""angle""__coeff_54","data__fft_coefficient__attr_""angle""__coeff_54",real,7.70724281323976e-35,True
"data__fft_coefficient__attr_""real""__coeff_18","data__fft_coefficient__attr_""real""__coeff_18",real,8.277133893704235e-35,True
"data__fft_coefficient__attr_""angle""__coeff_71","data__fft_coefficient__attr_""angle""__coeff_71",real,8.979853520451745e-35,True
"data__fft_coefficient__attr_""real""__coeff_22","data__fft_coefficient__attr_""real""__coeff_22",real,1.4628929333924722e-34,True
"data__fft_coefficient__attr_""abs""__coeff_31","data__fft_coefficient__attr_""abs""__coeff_31",real,1.658281584606698e-34,True
"data__fft_coefficient__attr_""angle""__coeff_72","data__fft_coefficient__attr_""angle""__coeff_72",real,1.7207225274784174e-34,True
"data__fft_coefficient__attr_""angle""__coeff_90","data__fft_coefficient__attr_""angle""__coeff_90",real,1.7812783916903231e-34,True
"data__fft_coefficient__attr_""abs""__coeff_48","data__fft_coefficient__attr_""abs""__coeff_48",real,2.0236454189664884e-34,True
"data__fft_coefficient__attr_""real""__coeff_32","data__fft_coefficient__attr_""real""__coeff_32",real,2.331813139245479e-34,True
"data__fft_coefficient__attr_""abs""__coeff_47","data__fft_coefficient__attr_""abs""__coeff_47",real,2.686555762737531e-34,True
"data__fft_coefficient__attr_""imag""__coeff_59","data__fft_coefficient__attr_""imag""__coeff_59",real,2.7138552401287743e-34,True
"data__fft_coefficient__attr_""angle""__coeff_59","data__fft_coefficient__attr_""angle""__coeff_59",real,4.27436316445849e-34,True
"data__agg_linear_trend__attr_""rvalue""__chunk_len_50__f_agg_""min""","data__agg_linear_trend__attr_""rvalue""__chunk_len_50__f_agg_""min""",real,4.656245668700198e-34,True
"data__fft_coefficient__attr_""angle""__coeff_84","data__fft_coefficient__attr_""angle""__coeff_84",real,5.443124436316305e-34,True
"data__fft_coefficient__attr_""angle""__coeff_61","data__fft_coefficient__attr_""angle""__coeff_61",real,6.135089833985172e-34,True
"data__agg_linear_trend__attr_""rvalue""__chunk_len_50__f_agg_""max""","data__agg_linear_trend__attr_""rvalue""__chunk_len_50__f_agg_""max""",real,6.142454478695971e-34,True
"data__fft_coefficient__attr_""angle""__coeff_69","data__fft_coefficient__attr_""angle""__coeff_69",real,6.266241304030196e-34,True
"data__fft_coefficient__attr_""real""__coeff_62","data__fft_coefficient__attr_""real""__coeff_62",real,7.069414643859337e-34,True
"data__fft_coefficient__attr_""imag""__coeff_75","data__fft_coefficient__attr_""imag""__coeff_75",real,7.558180479755597e-34,True
"data__fft_coefficient__attr_""angle""__coeff_93","data__fft_coefficient__attr_""angle""__coeff_93",real,8.728526129935876e-34,True
data__quantile__q_0.6,data__quantile__q_0.6,real,1.059971673448278e-33,True
"data__fft_coefficient__attr_""real""__coeff_79","data__fft_coefficient__attr_""real""__coeff_79",real,1.0813062337502884e-33,True
"data__fft_coefficient__attr_""abs""__coeff_9","data__fft_coefficient__attr_""abs""__coeff_9",real,1.0944010371499972e-33,True
"data__fft_coefficient__attr_""imag""__coeff_56","data__fft_coefficient__attr_""imag""__coeff_56",real,1.2028446570384666e-33,True
"data__fft_coefficient__attr_""angle""__coeff_37","data__fft_coefficient__attr_""angle""__coeff_37",real,1.2519791825340494e-33,True
"data__fft_coefficient__attr_""abs""__coeff_10","data__fft_coefficient__attr_""abs""__coeff_10",real,1.3837116199027711e-33,True
"data__fft_coefficient__attr_""angle""__coeff_99","data__fft_coefficient__attr_""angle""__coeff_99",real,1.4116654374199783e-33,True
"data__fft_coefficient__attr_""imag""__coeff_19","data__fft_coefficient__attr_""imag""__coeff_19",real,1.5292020889253301e-33,True
"data__fft_coefficient__attr_""angle""__coeff_73","data__fft_coefficient__attr_""angle""__coeff_73",real,1.706838370450665e-33,True
"data__fft_coefficient__attr_""real""__coeff_21","data__fft_coefficient__attr_""real""__coeff_21",real,1.812219097782047e-33,True
"data__fft_coefficient__attr_""imag""__coeff_60","data__fft_coefficient__attr_""imag""__coeff_60",real,2.4582052388198948e-33,True
"data__fft_coefficient__attr_""angle""__coeff_19","data__fft_coefficient__attr_""angle""__coeff_19",real,2.895057982302006e-33,True
"data__fft_coefficient__attr_""real""__coeff_54","data__fft_coefficient__attr_""real""__coeff_54",real,2.9240103953222147e-33,True
"data__fft_coefficient__attr_""angle""__coeff_7","data__fft_coefficient__attr_""angle""__coeff_7",real,4.135829814958787e-33,True
"data__fft_coefficient__attr_""imag""__coeff_61","data__fft_coefficient__attr_""imag""__coeff_61",real,6.397707562201695e-33,True
"data__fft_coefficient__attr_""imag""__coeff_50","data__fft_coefficient__attr_""imag""__coeff_50",real,1.0705116759077669e-32,True
"data__fft_coefficient__attr_""angle""__coeff_78","data__fft_coefficient__attr_""angle""__coeff_78",real,1.603098777631932e-32,True
"data__fft_coefficient__attr_""real""__coeff_34","data__fft_coefficient__attr_""real""__coeff_34",real,1.6547141206090414e-32,True
"data__fft_coefficient__attr_""real""__coeff_48","data__fft_coefficient__attr_""real""__coeff_48",real,1.7687187150385065e-32,True
"data__fft_coefficient__attr_""real""__coeff_61","data__fft_coefficient__attr_""real""__coeff_61",real,1.786187373943195e-32,True
"data__fft_coefficient__attr_""imag""__coeff_66","data__fft_coefficient__attr_""imag""__coeff_66",real,1.9900245799072606e-32,True
"data__fft_coefficient__attr_""imag""__coeff_67","data__fft_coefficient__attr_""imag""__coeff_67",real,2.0291399503045057e-32,True
"data__fft_coefficient__attr_""angle""__coeff_65","data__fft_coefficient__attr_""angle""__coeff_65",real,2.069739365979312e-32,True
"data__fft_coefficient__attr_""real""__coeff_69","data__fft_coefficient__attr_""real""__coeff_69",real,2.1526241616891914e-32,True
"data__fft_coefficient__attr_""abs""__coeff_29","data__fft_coefficient__attr_""abs""__coeff_29",real,2.3513613767775236e-32,True
"data__fft_coefficient__attr_""imag""__coeff_18","data__fft_coefficient__attr_""imag""__coeff_18",real,3.217271310065482e-32,True
"data__fft_coefficient__attr_""real""__coeff_33","data__fft_coefficient__attr_""real""__coeff_33",real,3.4118189810262875e-32,True
data__lempel_ziv_complexity__bins_3,data__lempel_ziv_complexity__bins_3,real,3.659029703344526e-32,True
"data__fft_coefficient__attr_""real""__coeff_59","data__fft_coefficient__attr_""real""__coeff_59",real,3.836640078346479e-32,True
"data__fft_coefficient__attr_""angle""__coeff_85","data__fft_coefficient__attr_""angle""__coeff_85",real,3.9508065393442814e-32,True
"data__fft_coefficient__attr_""angle""__coeff_63","data__fft_coefficient__attr_""angle""__coeff_63",real,4.99423379692093e-32,True
"data__fft_coefficient__attr_""real""__coeff_49","data__fft_coefficient__attr_""real""__coeff_49",real,5.29364383039604e-32,True
"data__fft_coefficient__attr_""imag""__coeff_51","data__fft_coefficient__attr_""imag""__coeff_51",real,5.780933444977074e-32,True
"data__fft_coefficient__attr_""real""__coeff_17","data__fft_coefficient__attr_""real""__coeff_17",real,6.372564399809723e-32,True
"data__fft_coefficient__attr_""angle""__coeff_86","data__fft_coefficient__attr_""angle""__coeff_86",real,6.561504377380364e-32,True
"data__fft_coefficient__attr_""imag""__coeff_26","data__fft_coefficient__attr_""imag""__coeff_26",real,6.693788351557634e-32,True
"data__fft_coefficient__attr_""real""__coeff_60","data__fft_coefficient__attr_""real""__coeff_60",real,7.667164047063945e-32,True
"data__fft_coefficient__attr_""angle""__coeff_38","data__fft_coefficient__attr_""angle""__coeff_38",real,7.74210815417519e-32,True
"data__fft_coefficient__attr_""angle""__coeff_87","data__fft_coefficient__attr_""angle""__coeff_87",real,8.616070441902944e-32,True
"data__fft_coefficient__attr_""angle""__coeff_60","data__fft_coefficient__attr_""angle""__coeff_60",real,1.0011730638132754e-31,True
"data__fft_coefficient__attr_""angle""__coeff_33","data__fft_coefficient__attr_""angle""__coeff_33",real,1.2220265166770339e-31,True
"data__fft_coefficient__attr_""angle""__coeff_83","data__fft_coefficient__attr_""angle""__coeff_83",real,1.372736153597454e-31,True
"data__fft_coefficient__attr_""angle""__coeff_32","data__fft_coefficient__attr_""angle""__coeff_32",real,1.7999981826464766e-31,True
"data__fft_coefficient__attr_""imag""__coeff_76","data__fft_coefficient__attr_""imag""__coeff_76",real,2.0668380700223206e-31,True
data__max_langevin_fixed_point__m_3__r_30,data__max_langevin_fixed_point__m_3__r_30,real,2.3932258711708214e-31,True
"data__fft_coefficient__attr_""imag""__coeff_65","data__fft_coefficient__attr_""imag""__coeff_65",real,2.59789499824175e-31,True
data__has_duplicate_min,data__has_duplicate_min,binary,2.698089077430349e-31,True
"data__fft_coefficient__attr_""imag""__coeff_73","data__fft_coefficient__attr_""imag""__coeff_73",real,2.9164529989705423e-31,True
"data__fft_coefficient__attr_""imag""__coeff_23","data__fft_coefficient__attr_""imag""__coeff_23",real,3.7458457039693824e-31,True
"data__fft_coefficient__attr_""real""__coeff_20","data__fft_coefficient__attr_""real""__coeff_20",real,3.8927335181909827e-31,True
"data__fft_coefficient__attr_""angle""__coeff_94","data__fft_coefficient__attr_""angle""__coeff_94",real,6.791249103094563e-31,True
"data__fft_coefficient__attr_""abs""__coeff_30","data__fft_coefficient__attr_""abs""__coeff_30",real,7.3554585365051576e-31,True
"data__fft_coefficient__attr_""imag""__coeff_52","data__fft_coefficient__attr_""imag""__coeff_52",real,1.6117786050782725e-30,True
"data__fft_coefficient__attr_""angle""__coeff_24","data__fft_coefficient__attr_""angle""__coeff_24",real,1.835490178407742e-30,True
"data__fft_coefficient__attr_""abs""__coeff_0","data__fft_coefficient__attr_""abs""__coeff_0",real,2.010509639087639e-30,True
"data__fft_coefficient__attr_""real""__coeff_16","data__fft_coefficient__attr_""real""__coeff_16",real,2.092402009370035e-30,True
"data__fft_coefficient__attr_""angle""__coeff_68","data__fft_coefficient__attr_""angle""__coeff_68",real,2.236186055066301e-30,True
"data__fft_coefficient__attr_""real""__coeff_25","data__fft_coefficient__attr_""real""__coeff_25",real,3.086707169375861e-30,True
"data__fft_coefficient__attr_""imag""__coeff_98","data__fft_coefficient__attr_""imag""__coeff_98",real,3.1495544462885892e-30,True
"data__augmented_dickey_fuller__attr_""teststat""__autolag_""AIC""","data__augmented_dickey_fuller__attr_""teststat""__autolag_""AIC""",real,4.138445695107662e-30,True
"data__fft_coefficient__attr_""real""__coeff_63","data__fft_coefficient__attr_""real""__coeff_63",real,6.1821143454809674e-30,True
"data__fft_coefficient__attr_""real""__coeff_53","data__fft_coefficient__attr_""real""__coeff_53",real,1.2326954692654045e-29,True
"data__fft_coefficient__attr_""angle""__coeff_18","data__fft_coefficient__attr_""angle""__coeff_18",real,1.3286240099653856e-29,True
"data__fft_coefficient__attr_""real""__coeff_94","data__fft_coefficient__attr_""real""__coeff_94",real,1.5998447692355867e-29,True
"data__fft_coefficient__attr_""imag""__coeff_72","data__fft_coefficient__attr_""imag""__coeff_72",real,1.710440891901571e-29,True
"data__fft_coefficient__attr_""imag""__coeff_32","data__fft_coefficient__attr_""imag""__coeff_32",real,3.776511516975295e-29,True
"data__fft_coefficient__attr_""real""__coeff_75","data__fft_coefficient__attr_""real""__coeff_75",real,4.030184417411112e-29,True
"data__fft_coefficient__attr_""angle""__coeff_34","data__fft_coefficient__attr_""angle""__coeff_34",real,4.1826572746895796e-29,True
"data__fft_coefficient__attr_""imag""__coeff_90","data__fft_coefficient__attr_""imag""__coeff_90",real,4.871162765348865e-29,True
"data__fft_coefficient__attr_""real""__coeff_51","data__fft_coefficient__attr_""real""__coeff_51",real,4.897128729594648e-29,True
"data__fft_coefficient__attr_""real""__coeff_70","data__fft_coefficient__attr_""real""__coeff_70",real,5.035227648902917e-29,True
"data__fft_coefficient__attr_""imag""__coeff_64","data__fft_coefficient__attr_""imag""__coeff_64",real,5.177189674717746e-29,True
"data__fft_coefficient__attr_""imag""__coeff_71","data__fft_coefficient__attr_""imag""__coeff_71",real,5.422670159813259e-29,True
"data__fft_coefficient__attr_""imag""__coeff_33","data__fft_coefficient__attr_""imag""__coeff_33",real,6.346929174453054e-29,True
"data__fft_coefficient__attr_""imag""__coeff_63","data__fft_coefficient__attr_""imag""__coeff_63",real,6.96194276770471e-29,True
"data__fft_coefficient__attr_""angle""__coeff_8","data__fft_coefficient__attr_""angle""__coeff_8",real,7.724731993731244e-29,True
"data__matrix_profile__feature_""mean""__threshold_0.98","data__matrix_profile__feature_""mean""__threshold_0.98",real,8.610005780453733e-29,True
"data__fft_coefficient__attr_""angle""__coeff_62","data__fft_coefficient__attr_""angle""__coeff_62",real,8.933778437346394e-29,True
"data__fft_coefficient__attr_""real""__coeff_68","data__fft_coefficient__attr_""real""__coeff_68",real,9.442218223730884e-29,True
data__first_location_of_minimum,data__first_location_of_minimum,real,1.0262749182771845e-28,True
"data__fft_coefficient__attr_""real""__coeff_67","data__fft_coefficient__attr_""real""__coeff_67",real,1.30344143900269e-28,True
"data__fft_coefficient__attr_""real""__coeff_76","data__fft_coefficient__attr_""real""__coeff_76",real,1.3399124009031824e-28,True
"data__fft_coefficient__attr_""imag""__coeff_74","data__fft_coefficient__attr_""imag""__coeff_74",real,1.5854575550383487e-28,True
"data__fft_coefficient__attr_""real""__coeff_77","data__fft_coefficient__attr_""real""__coeff_77",real,1.7814209940132942e-28,True
"data__fft_coefficient__attr_""real""__coeff_86","data__fft_coefficient__attr_""real""__coeff_86",real,1.8749205704589213e-28,True
"data__fft_coefficient__attr_""imag""__coeff_82","data__fft_coefficient__attr_""imag""__coeff_82",real,1.9926992371836247e-28,True
"data__fft_coefficient__attr_""real""__coeff_74","data__fft_coefficient__attr_""real""__coeff_74",real,2.345308584869502e-28,True
"data__fft_coefficient__attr_""real""__coeff_83","data__fft_coefficient__attr_""real""__coeff_83",real,2.6175796567992773e-28,True
"data__fft_coefficient__attr_""angle""__coeff_77","data__fft_coefficient__attr_""angle""__coeff_77",real,2.816284531109599e-28,True
"data__fft_coefficient__attr_""imag""__coeff_17","data__fft_coefficient__attr_""imag""__coeff_17",real,3.2596713096251557e-28,True
"data__fft_coefficient__attr_""imag""__coeff_34","data__fft_coefficient__attr_""imag""__coeff_34",real,3.91237501135337e-28,True
"data__fft_coefficient__attr_""angle""__coeff_36","data__fft_coefficient__attr_""angle""__coeff_36",real,4.737453881976043e-28,True
"data__fft_coefficient__attr_""imag""__coeff_40","data__fft_coefficient__attr_""imag""__coeff_40",real,5.049146098462731e-28,True
"data__fft_coefficient__attr_""real""__coeff_15","data__fft_coefficient__attr_""real""__coeff_15",real,5.188877257381124e-28,True
"data__fft_coefficient__attr_""angle""__coeff_88","data__fft_coefficient__attr_""angle""__coeff_88",real,5.479948140988663e-28,True
"data__fft_coefficient__attr_""imag""__coeff_77","data__fft_coefficient__attr_""imag""__coeff_77",real,5.580525974212303e-28,True
data__ar_coefficient__coeff_9__k_10,data__ar_coefficient__coeff_9__k_10,real,5.673258950809639e-28,True
"data__fft_coefficient__attr_""real""__coeff_98","data__fft_coefficient__attr_""real""__coeff_98",real,6.167328240611998e-28,True
data__lempel_ziv_complexity__bins_10,data__lempel_ziv_complexity__bins_10,real,7.492631848103301e-28,True
"data__fft_coefficient__attr_""imag""__coeff_87","data__fft_coefficient__attr_""imag""__coeff_87",real,7.530696105761688e-28,True
"data__fft_coefficient__attr_""imag""__coeff_79","data__fft_coefficient__attr_""imag""__coeff_79",real,7.951818788577002e-28,True
"data__fft_coefficient__attr_""imag""__coeff_78","data__fft_coefficient__attr_""imag""__coeff_78",real,8.865387071373355e-28,True
"data__fft_coefficient__attr_""imag""__coeff_80","data__fft_coefficient__attr_""imag""__coeff_80",real,9.360468318029963e-28,True
"data__fft_coefficient__attr_""real""__coeff_37","data__fft_coefficient__attr_""real""__coeff_37",real,1.0056398045623686e-27,True
"data__fft_coefficient__attr_""angle""__coeff_23","data__fft_coefficient__attr_""angle""__coeff_23",real,1.0721396668542202e-27,True
"data__fft_coefficient__attr_""imag""__coeff_62","data__fft_coefficient__attr_""imag""__coeff_62",real,1.1016261910358004e-27,True
"data__matrix_profile__feature_""25""__threshold_0.98","data__matrix_profile__feature_""25""__threshold_0.98",real,2.0712079694769192e-27,True
"data__fft_coefficient__attr_""real""__coeff_84","data__fft_coefficient__attr_""real""__coeff_84",real,2.245810138100303e-27,True
"data__fft_coefficient__attr_""angle""__coeff_35","data__fft_coefficient__attr_""angle""__coeff_35",real,2.5698205627660426e-27,True
"data__fft_coefficient__attr_""imag""__coeff_94","data__fft_coefficient__attr_""imag""__coeff_94",real,3.158792443099802e-27,True
"data__fft_coefficient__attr_""imag""__coeff_36","data__fft_coefficient__attr_""imag""__coeff_36",real,3.363300138635119e-27,True
"data__fft_coefficient__attr_""angle""__coeff_53","data__fft_coefficient__attr_""angle""__coeff_53",real,3.7115013037361594e-27,True
"data__fft_coefficient__attr_""real""__coeff_58","data__fft_coefficient__attr_""real""__coeff_58",real,4.0589486739500474e-27,True
data__longest_strike_above_mean,data__longest_strike_above_mean,real,4.552164696502934e-27,True
"data__fft_coefficient__attr_""real""__coeff_52","data__fft_coefficient__attr_""real""__coeff_52",real,4.940963708522141e-27,True
"data__fft_coefficient__attr_""imag""__coeff_70","data__fft_coefficient__attr_""imag""__coeff_70",real,5.499624096831489e-27,True
"data__fft_coefficient__attr_""real""__coeff_91","data__fft_coefficient__attr_""real""__coeff_91",real,5.499624096831489e-27,True
"data__fft_coefficient__attr_""imag""__coeff_86","data__fft_coefficient__attr_""imag""__coeff_86",real,5.8020029176908855e-27,True
"data__fft_coefficient__attr_""real""__coeff_90","data__fft_coefficient__attr_""real""__coeff_90",real,6.286742612198609e-27,True
"data__fft_coefficient__attr_""real""__coeff_82","data__fft_coefficient__attr_""real""__coeff_82",real,7.121744036875418e-27,True
"data__fft_coefficient__attr_""imag""__coeff_35","data__fft_coefficient__attr_""imag""__coeff_35",real,8.508631139826103e-27,True
"data__fft_coefficient__attr_""angle""__coeff_47","data__fft_coefficient__attr_""angle""__coeff_47",real,8.974679982123348e-27,True
"data__fft_coefficient__attr_""real""__coeff_1","data__fft_coefficient__attr_""real""__coeff_1",real,9.838011578761252e-27,True
"data__fft_coefficient__attr_""angle""__coeff_74","data__fft_coefficient__attr_""angle""__coeff_74",real,1.0910548255160097e-26,True
"data__fft_coefficient__attr_""real""__coeff_78","data__fft_coefficient__attr_""real""__coeff_78",real,1.41752722383572e-26,True
"data__fft_coefficient__attr_""imag""__coeff_81","data__fft_coefficient__attr_""imag""__coeff_81",real,1.4487066495272984e-26,True
"data__fft_coefficient__attr_""real""__coeff_66","data__fft_coefficient__attr_""real""__coeff_66",real,1.9913585819349557e-26,True
"data__matrix_profile__feature_""75""__threshold_0.98","data__matrix_profile__feature_""75""__threshold_0.98",real,2.1180244396690754e-26,True
"data__fft_coefficient__attr_""real""__coeff_97","data__fft_coefficient__attr_""real""__coeff_97",real,2.175017456290022e-26,True
"data__fft_coefficient__attr_""imag""__coeff_85","data__fft_coefficient__attr_""imag""__coeff_85",real,3.0933177684106314e-26,True
"data__fft_coefficient__attr_""real""__coeff_85","data__fft_coefficient__attr_""real""__coeff_85",real,3.0933177684106314e-26,True
"data__fft_coefficient__attr_""imag""__coeff_95","data__fft_coefficient__attr_""imag""__coeff_95",real,3.437337564205596e-26,True
data__partial_autocorrelation__lag_8,data__partial_autocorrelation__lag_8,real,3.8914963909302404e-26,True
"data__fft_coefficient__attr_""real""__coeff_96","data__fft_coefficient__attr_""real""__coeff_96",real,5.1002301426911245e-26,True
"data__fft_coefficient__attr_""imag""__coeff_2","data__fft_coefficient__attr_""imag""__coeff_2",real,1.2584236046433275e-25,True
"data__fft_coefficient__attr_""angle""__coeff_5","data__fft_coefficient__attr_""angle""__coeff_5",real,1.2850633878860964e-25,True
"data__fft_coefficient__attr_""imag""__coeff_88","data__fft_coefficient__attr_""imag""__coeff_88",real,2.5462687449686543e-25,True
"data__fft_coefficient__attr_""real""__coeff_50","data__fft_coefficient__attr_""real""__coeff_50",real,4.611100714556792e-25,True
"data__fft_coefficient__attr_""imag""__coeff_97","data__fft_coefficient__attr_""imag""__coeff_97",real,4.949930273930986e-25,True
"data__fft_coefficient__attr_""real""__coeff_95","data__fft_coefficient__attr_""real""__coeff_95",real,5.830344524741156e-25,True
"data__fft_coefficient__attr_""real""__coeff_81","data__fft_coefficient__attr_""real""__coeff_81",real,8.467069855736836e-25,True
data__partial_autocorrelation__lag_4,data__partial_autocorrelation__lag_4,real,9.221217218200513e-25,True
"data__fft_coefficient__attr_""imag""__coeff_15","data__fft_coefficient__attr_""imag""__coeff_15",real,1.0430364664183336e-24,True
"data__fft_coefficient__attr_""real""__coeff_99","data__fft_coefficient__attr_""real""__coeff_99",real,1.1410341604397352e-24,True
"data__fft_coefficient__attr_""real""__coeff_89","data__fft_coefficient__attr_""real""__coeff_89",real,1.2423725671930202e-24,True
"data__linear_trend__attr_""slope""","data__linear_trend__attr_""slope""",real,1.7157637526322923e-24,True
"data__agg_linear_trend__attr_""slope""__chunk_len_5__f_agg_""mean""","data__agg_linear_trend__attr_""slope""__chunk_len_5__f_agg_""mean""",real,1.7157637526322923e-24,True
"data__agg_linear_trend__attr_""slope""__chunk_len_10__f_agg_""mean""","data__agg_linear_trend__attr_""slope""__chunk_len_10__f_agg_""mean""",real,1.8156156172012716e-24,True
"data__fft_coefficient__attr_""imag""__coeff_93","data__fft_coefficient__attr_""imag""__coeff_93",real,2.0496663190114987e-24,True
"data__fft_coefficient__attr_""imag""__coeff_14","data__fft_coefficient__attr_""imag""__coeff_14",real,2.0670915294690444e-24,True
"data__fft_coefficient__attr_""angle""__coeff_89","data__fft_coefficient__attr_""angle""__coeff_89",real,2.324607375496797e-24,True
"data__fft_coefficient__attr_""imag""__coeff_54","data__fft_coefficient__attr_""imag""__coeff_54",real,3.857256937934413e-24,True
"data__agg_linear_trend__attr_""slope""__chunk_len_50__f_agg_""mean""","data__agg_linear_trend__attr_""slope""__chunk_len_50__f_agg_""mean""",real,4.226345362203822e-24,True
"data__fft_coefficient__attr_""imag""__coeff_89","data__fft_coefficient__attr_""imag""__coeff_89",real,4.4162786513559716e-24,True
"data__fft_coefficient__attr_""real""__coeff_14","data__fft_coefficient__attr_""real""__coeff_14",real,4.491136781782516e-24,True
"data__fft_coefficient__attr_""real""__coeff_38","data__fft_coefficient__attr_""real""__coeff_38",real,7.063357052350332e-24,True
"data__fft_coefficient__attr_""real""__coeff_80","data__fft_coefficient__attr_""real""__coeff_80",real,7.794496917665594e-24,True
data__ratio_beyond_r_sigma__r_6,data__ratio_beyond_r_sigma__r_6,real,8.096606994599452e-24,True
"data__fft_coefficient__attr_""real""__coeff_93","data__fft_coefficient__attr_""real""__coeff_93",real,9.465015556924726e-24,True
"data__fft_coefficient__attr_""imag""__coeff_96","data__fft_coefficient__attr_""imag""__coeff_96",real,1.0813379869312765e-23,True
"data__fft_coefficient__attr_""angle""__coeff_9","data__fft_coefficient__attr_""angle""__coeff_9",real,1.2142793077952653e-23,True
"data__fft_coefficient__attr_""real""__coeff_73","data__fft_coefficient__attr_""real""__coeff_73",real,1.411309312697341e-23,True
"data__fft_coefficient__attr_""imag""__coeff_55","data__fft_coefficient__attr_""imag""__coeff_55",real,1.4834585653112846e-23,True
data__last_location_of_minimum,data__last_location_of_minimum,real,2.3061934704115817e-23,True
data__partial_autocorrelation__lag_7,data__partial_autocorrelation__lag_7,real,2.916378840855433e-23,True
"data__fft_coefficient__attr_""real""__coeff_92","data__fft_coefficient__attr_""real""__coeff_92",real,4.5632228962167347e-23,True
"data__fft_coefficient__attr_""real""__coeff_43","data__fft_coefficient__attr_""real""__coeff_43",real,5.933517004372526e-23,True
"data__agg_linear_trend__attr_""intercept""__chunk_len_10__f_agg_""mean""","data__agg_linear_trend__attr_""intercept""__chunk_len_10__f_agg_""mean""",real,6.075083308408869e-23,True
"data__linear_trend__attr_""intercept""","data__linear_trend__attr_""intercept""",real,6.200898018181173e-23,True
"data__agg_linear_trend__attr_""intercept""__chunk_len_5__f_agg_""mean""","data__agg_linear_trend__attr_""intercept""__chunk_len_5__f_agg_""mean""",real,6.329291799055715e-23,True
data__count_below__t_0,data__count_below__t_0,real,6.59923800158516e-23,True
"data__fft_coefficient__attr_""imag""__coeff_7","data__fft_coefficient__attr_""imag""__coeff_7",real,1.4976812354020077e-22,True
"data__agg_linear_trend__attr_""intercept""__chunk_len_50__f_agg_""mean""","data__agg_linear_trend__attr_""intercept""__chunk_len_50__f_agg_""mean""",real,1.6958049306801458e-22,True
"data__agg_linear_trend__attr_""rvalue""__chunk_len_50__f_agg_""mean""","data__agg_linear_trend__attr_""rvalue""__chunk_len_50__f_agg_""mean""",real,2.850625426062259e-22,True
data__median,data__median,real,3.003881915031092e-22,True
data__ratio_beyond_r_sigma__r_5,data__ratio_beyond_r_sigma__r_5,real,4.0183577629943963e-22,True
"data__fft_coefficient__attr_""imag""__coeff_13","data__fft_coefficient__attr_""imag""__coeff_13",real,4.093939214640029e-22,True
"data__fft_coefficient__attr_""angle""__coeff_27","data__fft_coefficient__attr_""angle""__coeff_27",real,4.963805036369821e-22,True
"data__fft_coefficient__attr_""imag""__coeff_3","data__fft_coefficient__attr_""imag""__coeff_3",real,5.276492757212647e-22,True
"data__fft_coefficient__attr_""angle""__coeff_92","data__fft_coefficient__attr_""angle""__coeff_92",real,1.0434380738703501e-21,True
"data__fft_coefficient__attr_""imag""__coeff_92","data__fft_coefficient__attr_""imag""__coeff_92",real,1.1663264896219787e-21,True
data__ratio_beyond_r_sigma__r_7,data__ratio_beyond_r_sigma__r_7,real,1.7091104345813286e-21,True
"data__fft_coefficient__attr_""real""__coeff_4","data__fft_coefficient__attr_""real""__coeff_4",real,3.2839543279314995e-21,True
"data__fft_coefficient__attr_""angle""__coeff_11","data__fft_coefficient__attr_""angle""__coeff_11",real,4.124619444970016e-21,True
"data__fft_coefficient__attr_""angle""__coeff_97","data__fft_coefficient__attr_""angle""__coeff_97",real,4.602874338322915e-21,True
"data__fft_coefficient__attr_""real""__coeff_5","data__fft_coefficient__attr_""real""__coeff_5",real,6.23642852367217e-21,True
"data__fft_coefficient__attr_""angle""__coeff_12","data__fft_coefficient__attr_""angle""__coeff_12",real,6.594420002695261e-21,True
"data__fft_coefficient__attr_""angle""__coeff_3","data__fft_coefficient__attr_""angle""__coeff_3",real,6.6971224880634885e-21,True
"data__fft_coefficient__attr_""imag""__coeff_12","data__fft_coefficient__attr_""imag""__coeff_12",real,1.490376751513947e-20,True
"data__matrix_profile__feature_""median""__threshold_0.98","data__matrix_profile__feature_""median""__threshold_0.98",real,2.935040097295341e-20,True
data__lempel_ziv_complexity__bins_5,data__lempel_ziv_complexity__bins_5,real,7.718438300143404e-20,True
"data__fft_coefficient__attr_""real""__coeff_13","data__fft_coefficient__attr_""real""__coeff_13",real,7.792849673723305e-20,True
"data__fft_coefficient__attr_""real""__coeff_9","data__fft_coefficient__attr_""real""__coeff_9",real,1.1565521205795244e-19,True
"data__fft_coefficient__attr_""imag""__coeff_6","data__fft_coefficient__attr_""imag""__coeff_6",real,1.327476247772989e-19,True
"data__fft_coefficient__attr_""real""__coeff_3","data__fft_coefficient__attr_""real""__coeff_3",real,2.2889961970803975e-19,True
"data__fft_coefficient__attr_""real""__coeff_65","data__fft_coefficient__attr_""real""__coeff_65",real,1.4286162088557995e-18,True
"data__agg_linear_trend__attr_""rvalue""__chunk_len_10__f_agg_""mean""","data__agg_linear_trend__attr_""rvalue""__chunk_len_10__f_agg_""mean""",real,1.6132787366896515e-18,True
"data__linear_trend__attr_""rvalue""","data__linear_trend__attr_""rvalue""",real,1.683326416586283e-18,True
"data__agg_linear_trend__attr_""rvalue""__chunk_len_5__f_agg_""mean""","data__agg_linear_trend__attr_""rvalue""__chunk_len_5__f_agg_""mean""",real,1.7142584797127376e-18,True
"data__fft_coefficient__attr_""imag""__coeff_11","data__fft_coefficient__attr_""imag""__coeff_11",real,1.9687062115590918e-18,True
"data__fft_coefficient__attr_""imag""__coeff_99","data__fft_coefficient__attr_""imag""__coeff_99",real,2.0421779343391265e-18,True
data__partial_autocorrelation__lag_9,data__partial_autocorrelation__lag_9,real,2.2782818251557997e-18,True
data__friedrich_coefficients__coeff_2__m_3__r_30,data__friedrich_coefficients__coeff_2__m_3__r_30,real,2.5439647950704947e-18,True
"data__fft_coefficient__attr_""angle""__coeff_6","data__fft_coefficient__attr_""angle""__coeff_6",real,2.9902861389826657e-18,True
"data__fft_coefficient__attr_""real""__coeff_10","data__fft_coefficient__attr_""real""__coeff_10",real,5.92628044583226e-18,True
"data__fft_coefficient__attr_""real""__coeff_88","data__fft_coefficient__attr_""real""__coeff_88",real,6.739658405430787e-18,True
"data__fft_coefficient__attr_""imag""__coeff_69","data__fft_coefficient__attr_""imag""__coeff_69",real,1.3677826683895011e-17,True
"data__fft_coefficient__attr_""real""__coeff_8","data__fft_coefficient__attr_""real""__coeff_8",real,1.9855975900903268e-17,True
"data__fft_coefficient__attr_""imag""__coeff_84","data__fft_coefficient__attr_""imag""__coeff_84",real,3.2851792989867884e-17,True
"data__fft_coefficient__attr_""imag""__coeff_1","data__fft_coefficient__attr_""imag""__coeff_1",real,3.650764799148567e-17,True
"data__fft_coefficient__attr_""angle""__coeff_10","data__fft_coefficient__attr_""angle""__coeff_10",real,3.9475396141416094e-17,True
"data__fft_coefficient__attr_""angle""__coeff_14","data__fft_coefficient__attr_""angle""__coeff_14",real,4.0884413454143706e-17,True
"data__augmented_dickey_fuller__attr_""pvalue""__autolag_""AIC""","data__augmented_dickey_fuller__attr_""pvalue""__autolag_""AIC""",real,4.82543033124661e-17,True
data__c3__lag_2,data__c3__lag_2,real,5.624552974730508e-17,True
"data__fft_coefficient__attr_""angle""__coeff_13","data__fft_coefficient__attr_""angle""__coeff_13",real,7.825971199368283e-17,True
data__longest_strike_below_mean,data__longest_strike_below_mean,real,9.04193203048957e-17,True
"data__fft_coefficient__attr_""angle""__coeff_82","data__fft_coefficient__attr_""angle""__coeff_82",real,8.96807341994652e-16,True
"data__fft_coefficient__attr_""imag""__coeff_8","data__fft_coefficient__attr_""imag""__coeff_8",real,9.051445735341987e-16,True
data__skewness,data__skewness,real,1.4808766643137554e-15,True
"data__fft_coefficient__attr_""imag""__coeff_10","data__fft_coefficient__attr_""imag""__coeff_10",real,1.6693724741914695e-15,True
"data__fft_coefficient__attr_""imag""__coeff_16","data__fft_coefficient__attr_""imag""__coeff_16",real,2.468610811770643e-15,True
"data__fft_coefficient__attr_""real""__coeff_11","data__fft_coefficient__attr_""real""__coeff_11",real,1.3428198933082744e-14,True
data__fourier_entropy__bins_2,data__fourier_entropy__bins_2,real,2.532287005709574e-14,True
data__time_reversal_asymmetry_statistic__lag_1,data__time_reversal_asymmetry_statistic__lag_1,real,1.0377580251671235e-13,True
"data__fft_coefficient__attr_""real""__coeff_28","data__fft_coefficient__attr_""real""__coeff_28",real,1.4731313070518521e-13,True
"data__fft_coefficient__attr_""angle""__coeff_15","data__fft_coefficient__attr_""angle""__coeff_15",real,1.8847117582748823e-13,True
"data__fft_coefficient__attr_""angle""__coeff_52","data__fft_coefficient__attr_""angle""__coeff_52",real,3.741141219803017e-13,True
"data__fft_coefficient__attr_""imag""__coeff_4","data__fft_coefficient__attr_""imag""__coeff_4",real,7.10354852640762e-13,True
"data__fft_coefficient__attr_""angle""__coeff_66","data__fft_coefficient__attr_""angle""__coeff_66",real,7.634738198729186e-13,True
"data__fft_coefficient__attr_""angle""__coeff_67","data__fft_coefficient__attr_""angle""__coeff_67",real,1.2758536863686966e-12,True
"data__fft_coefficient__attr_""angle""__coeff_17","data__fft_coefficient__attr_""angle""__coeff_17",real,1.4876557802336763e-12,True
"data__fft_coefficient__attr_""angle""__coeff_95","data__fft_coefficient__attr_""angle""__coeff_95",real,2.2724764369559333e-12,True
"data__fft_coefficient__attr_""angle""__coeff_2","data__fft_coefficient__attr_""angle""__coeff_2",real,6.125556578617021e-12,True
"data__fft_coefficient__attr_""angle""__coeff_16","data__fft_coefficient__attr_""angle""__coeff_16",real,1.4276774051486735e-11,True
"data__fft_coefficient__attr_""angle""__coeff_51","data__fft_coefficient__attr_""angle""__coeff_51",real,1.7973702968709918e-11,True
"data__fft_coefficient__attr_""angle""__coeff_80","data__fft_coefficient__attr_""angle""__coeff_80",real,1.964661180554923e-11,True
"data__fft_coefficient__attr_""imag""__coeff_5","data__fft_coefficient__attr_""imag""__coeff_5",real,4.6330921596972524e-11,True
data__time_reversal_asymmetry_statistic__lag_2,data__time_reversal_asymmetry_statistic__lag_2,real,1.3053035344056356e-10,True
data__time_reversal_asymmetry_statistic__lag_3,data__time_reversal_asymmetry_statistic__lag_3,real,1.547452432285603e-10,True
"data__fft_coefficient__attr_""real""__coeff_7","data__fft_coefficient__attr_""real""__coeff_7",real,1.8175919995315713e-10,True
"data__fft_coefficient__attr_""angle""__coeff_22","data__fft_coefficient__attr_""angle""__coeff_22",real,5.182609220840611e-10,True
"data__fft_coefficient__attr_""real""__coeff_19","data__fft_coefficient__attr_""real""__coeff_19",real,1.4726509648215818e-09,True
"data__change_quantiles__f_agg_""mean""__isabs_False__qh_1.0__ql_0.0","data__change_quantiles__f_agg_""mean""__isabs_False__qh_1.0__ql_0.0",real,1.8362602994210634e-09,True
data__mean_change,data__mean_change,real,1.863391779747347e-09,True
"data__fft_coefficient__attr_""angle""__coeff_81","data__fft_coefficient__attr_""angle""__coeff_81",real,2.355252394124217e-09,True
"data__fft_coefficient__attr_""real""__coeff_24","data__fft_coefficient__attr_""real""__coeff_24",real,7.209263570553641e-09,True
index,index,real,7.990803627687941e-09,True
"data__change_quantiles__f_agg_""mean""__isabs_False__qh_1.0__ql_0.4","data__change_quantiles__f_agg_""mean""__isabs_False__qh_1.0__ql_0.4",real,1.1066573014935936e-08,True
"data__fft_coefficient__attr_""angle""__coeff_4","data__fft_coefficient__attr_""angle""__coeff_4",real,1.1566263056950087e-08,True
"data__fft_coefficient__attr_""imag""__coeff_22","data__fft_coefficient__attr_""imag""__coeff_22",real,1.1963770567895827e-08,True
"data__fft_coefficient__attr_""angle""__coeff_39","data__fft_coefficient__attr_""angle""__coeff_39",real,1.3465592514227876e-08,True
"data__change_quantiles__f_agg_""mean""__isabs_False__qh_1.0__ql_0.6","data__change_quantiles__f_agg_""mean""__isabs_False__qh_1.0__ql_0.6",real,8.754193509237632e-08,True
"data__change_quantiles__f_agg_""mean""__isabs_False__qh_1.0__ql_0.8","data__change_quantiles__f_agg_""mean""__isabs_False__qh_1.0__ql_0.8",real,9.056522961720557e-08,True
"data__change_quantiles__f_agg_""mean""__isabs_False__qh_1.0__ql_0.2","data__change_quantiles__f_agg_""mean""__isabs_False__qh_1.0__ql_0.2",real,1.2227319804553904e-07,True
data__friedrich_coefficients__coeff_3__m_3__r_30,data__friedrich_coefficients__coeff_3__m_3__r_30,real,1.454149773119342e-07,True
"data__fft_coefficient__attr_""real""__coeff_12","data__fft_coefficient__attr_""real""__coeff_12",real,3.4144508390391283e-07,True
